{
  "bot": "Trust Setup Bot",
  "fields": {
    "trust_name": "string",
    "trust_type": [
      "Inter Vivos",
      "Testamentary"
    ],
    "jurisdiction": "string",
    "founder_name": "string",
    "trustees": [
      "string"
    ],
    "beneficiaries": [
      "string"
    ],
    "initial_capital": "number",
    "compliance_check": {
      "min_trustees": 3,
      "independent_trustee_required": true,
      "same_person_trustee_beneficiary_flag": true
    }
  },
  "outputs": {
    "trust_deed": "PDF",
    "compliance_summary": "text",
    "CRM_sync": true
  }
}